{"cameraMode":{"drawMode":0,"name":"Shaded","section":"Shading Mode"},"sceneLighting":false,"audioPlay":false,"sceneViewState":{"showFog":true,"showMaterialUpdate":true,"showSkybox":true,"showFlares":true,"showImageEffects":true,"showParticleSystems":true},"in2DMode":false,"pivot":{"x":-6.227384090423584,"y":0.6453609466552734,"z":-1.4279422760009766},"rotation":{"x":-0.23421894013881684,"y":0.09954527765512467,"z":-0.02181364595890045,"w":-0.9674069881439209},"size":29.887893676757814,"orthographic":false}