{"cameraMode":{"drawMode":0,"name":"Shaded","section":"Shading Mode"},"sceneLighting":true,"audioPlay":false,"sceneViewState":{"showFog":true,"showMaterialUpdate":true,"showSkybox":true,"showFlares":true,"showImageEffects":true,"showParticleSystems":true},"in2DMode":false,"pivot":{"x":-0.2864561080932617,"y":0.75,"z":9.039999961853028},"rotation":{"x":0.08305516093969345,"y":-0.3966190218925476,"z":0.035287175327539447,"w":0.9141209721565247},"size":8.863665580749512,"orthographic":false}