{"cameraMode":{"drawMode":0,"name":"Shaded","section":"Shading Mode"},"sceneLighting":false,"audioPlay":false,"sceneViewState":{"showFog":true,"showMaterialUpdate":true,"showSkybox":true,"showFlares":true,"showImageEffects":true,"showParticleSystems":true},"in2DMode":false,"pivot":{"x":-3.856320858001709,"y":0.39279553294181826,"z":8.050802230834961},"rotation":{"x":-0.1757539063692093,"y":0.16909973323345185,"z":-0.028094617649912835,"w":-0.9700201749801636},"size":0.7814373970031738,"orthographic":false}