{"cameraMode":{"drawMode":0,"name":"Shaded","section":"Shading Mode"},"sceneLighting":false,"audioPlay":false,"sceneViewState":{"showFog":true,"showMaterialUpdate":true,"showSkybox":true,"showFlares":true,"showImageEffects":true,"showParticleSystems":true},"in2DMode":false,"pivot":{"x":0.16550204157829286,"y":0.32750749588012698,"z":6.498203754425049},"rotation":{"x":-0.15156540274620057,"y":0.39979344606399538,"z":-0.06439627707004547,"w":-0.9023625254631043},"size":0.4091087579727173,"orthographic":false}