{"cameraMode":{"drawMode":0,"name":"Shaded","section":"Shading Mode"},"sceneLighting":true,"audioPlay":false,"sceneViewState":{"showFog":true,"showMaterialUpdate":true,"showSkybox":true,"showFlares":true,"showImageEffects":true,"showParticleSystems":true},"in2DMode":false,"pivot":{"x":0.13137127459049226,"y":-3.4200196266174318,"z":1.7751737833023072},"rotation":{"x":-0.53199303150177,"y":-0.040674179792404178,"z":0.026541288942098619,"w":-0.8461458683013916},"size":6.081020355224609,"orthographic":false}