{"cameraMode":{"drawMode":0,"name":"Shaded","section":"Shading Mode"},"sceneLighting":false,"audioPlay":false,"sceneViewState":{"showFog":true,"showMaterialUpdate":true,"showSkybox":true,"showFlares":true,"showImageEffects":true,"showParticleSystems":true},"in2DMode":false,"pivot":{"x":1.2763102054595948,"y":1.275931715965271,"z":2.309058666229248},"rotation":{"x":-0.06899041682481766,"y":-0.7851524949073792,"z":0.08895288407802582,"w":-0.6089949607849121},"size":1.3834822177886963,"orthographic":false}