{"cameraMode":{"drawMode":0,"name":"Shaded","section":"Shading Mode"},"sceneLighting":true,"audioPlay":false,"sceneViewState":{"showFog":true,"showMaterialUpdate":true,"showSkybox":true,"showFlares":true,"showImageEffects":true,"showParticleSystems":true},"in2DMode":false,"pivot":{"x":0.34392523765563967,"y":0.5650227069854736,"z":1.8485820293426514},"rotation":{"x":-0.11109544336795807,"y":0.836324155330658,"z":-0.18206098675727845,"w":-0.5061187148094177},"size":2.7000572681427,"orthographic":false}