{"cameraMode":{"drawMode":0,"name":"Shaded","section":"Shading Mode"},"sceneLighting":false,"audioPlay":false,"sceneViewState":{"showFog":true,"showMaterialUpdate":true,"showSkybox":true,"showFlares":true,"showImageEffects":true,"showParticleSystems":true},"in2DMode":false,"pivot":{"x":0.000020051335013704374,"y":-0.000027636160666588694,"z":-7.42995023727417},"rotation":{"x":-0.33620041608810427,"y":0.3847854435443878,"z":-0.1529475748538971,"w":-0.8459012508392334},"size":0.31618672609329226,"orthographic":false}