{"cameraMode":{"drawMode":0,"name":"Shaded","section":"Shading Mode"},"sceneLighting":false,"audioPlay":false,"sceneViewState":{"showFog":true,"showMaterialUpdate":true,"showSkybox":true,"showFlares":true,"showImageEffects":true,"showParticleSystems":true},"in2DMode":false,"pivot":{"x":-10.408316612243653,"y":0.39331015944480898,"z":2.273164749145508},"rotation":{"x":-0.14129039645195008,"y":-0.8091794848442078,"z":0.22166408598423005,"w":-0.5266557931900024},"size":53.5598258972168,"orthographic":false}