{"cameraMode":{"drawMode":0,"name":"Shaded","section":"Shading Mode"},"sceneLighting":false,"audioPlay":false,"sceneViewState":{"showFog":true,"showMaterialUpdate":true,"showSkybox":true,"showFlares":true,"showImageEffects":true,"showParticleSystems":true},"in2DMode":false,"pivot":{"x":0.5713539123535156,"y":2.3773157596588136,"z":16.498144149780275},"rotation":{"x":-0.10495304316282273,"y":-0.6413561701774597,"z":0.0895199254155159,"w":-0.7554290294647217},"size":0.4358443021774292,"orthographic":false}