{"cameraMode":{"drawMode":0,"name":"Shaded","section":"Shading Mode"},"sceneLighting":true,"audioPlay":false,"sceneViewState":{"showFog":true,"showMaterialUpdate":true,"showSkybox":true,"showFlares":true,"showImageEffects":true,"showParticleSystems":true},"in2DMode":false,"pivot":{"x":1.4489314556121827,"y":0.04136765003204346,"z":-9.134032249450684},"rotation":{"x":-0.18586869537830354,"y":-0.7776713967323303,"z":0.2692534625530243,"w":-0.536853551864624},"size":2.6001789569854738,"orthographic":false}