{"cameraMode":{"drawMode":0,"name":"Shaded","section":"Shading Mode"},"sceneLighting":true,"audioPlay":false,"sceneViewState":{"showFog":true,"showMaterialUpdate":true,"showSkybox":true,"showFlares":true,"showImageEffects":true,"showParticleSystems":true},"in2DMode":false,"pivot":{"x":16.287437438964845,"y":1.594559669494629,"z":8.552719116210938},"rotation":{"x":0.025227434933185579,"y":-0.35166439414024355,"z":-0.008751977235078812,"w":-0.9362283945083618},"size":20.726402282714845,"orthographic":false}