{"cameraMode":{"drawMode":0,"name":"Shaded","section":"Shading Mode"},"sceneLighting":false,"audioPlay":false,"sceneViewState":{"showFog":true,"showMaterialUpdate":true,"showSkybox":true,"showFlares":true,"showImageEffects":true,"showParticleSystems":true},"in2DMode":false,"pivot":{"x":0.26270151138305666,"y":0.8758947849273682,"z":-0.3061084747314453},"rotation":{"x":-0.025820355862379075,"y":-0.968296229839325,"z":0.11422482877969742,"w":-0.22301553189754487},"size":1.130812644958496,"orthographic":false}