{"cameraMode":{"drawMode":0,"name":"Shaded","section":"Shading Mode"},"sceneLighting":false,"audioPlay":false,"sceneViewState":{"showFog":true,"showMaterialUpdate":true,"showSkybox":true,"showFlares":true,"showImageEffects":true,"showParticleSystems":true},"in2DMode":false,"pivot":{"x":1.3550429344177247,"y":0.8491261005401611,"z":-1.344041109085083},"rotation":{"x":0.20587165653705598,"y":0.6123976707458496,"z":-0.17258614301681519,"w":0.7442823648452759},"size":3.865696668624878,"orthographic":false}