{"cameraMode":{"drawMode":0,"name":"Shaded","section":"Shading Mode"},"sceneLighting":false,"audioPlay":false,"sceneViewState":{"showFog":true,"showMaterialUpdate":true,"showSkybox":true,"showFlares":true,"showImageEffects":true,"showParticleSystems":true},"in2DMode":false,"pivot":{"x":-9.810091018676758,"y":0.951604425907135,"z":2.818422317504883},"rotation":{"x":-0.22800834476947785,"y":0.16185729205608369,"z":-0.03613565117120743,"w":-0.9600146412849426},"size":52.93859100341797,"orthographic":false}