{"cameraMode":{"drawMode":0,"name":"Shaded","section":"Shading Mode"},"sceneLighting":true,"audioPlay":false,"sceneViewState":{"showFog":true,"showMaterialUpdate":true,"showSkybox":true,"showFlares":true,"showImageEffects":true,"showParticleSystems":true},"in2DMode":false,"pivot":{"x":0.31893521547317507,"y":0.23415148258209229,"z":19.110023498535158},"rotation":{"x":-0.2876974642276764,"y":-0.07933618128299713,"z":0.025250015780329706,"w":-0.954658031463623},"size":3.1929023265838625,"orthographic":false}