{"cameraMode":{"drawMode":0,"name":"Shaded","section":"Shading Mode"},"sceneLighting":true,"audioPlay":false,"sceneViewState":{"showFog":true,"showMaterialUpdate":true,"showSkybox":true,"showFlares":true,"showImageEffects":true,"showParticleSystems":true},"in2DMode":false,"pivot":{"x":-44.51165008544922,"y":-6.5642876625061039,"z":27.67030906677246},"rotation":{"x":-0.18079988658428193,"y":0.6400691866874695,"z":-0.1571866124868393,"w":-0.7306309938430786},"size":24.863889694213868,"orthographic":false}