{"cameraMode":{"drawMode":0,"name":"Shaded","section":"Shading Mode"},"sceneLighting":false,"audioPlay":false,"sceneViewState":{"showFog":true,"showMaterialUpdate":true,"showSkybox":true,"showFlares":true,"showImageEffects":true,"showParticleSystems":true},"in2DMode":false,"pivot":{"x":0.0002550482749938965,"y":0.8917555809020996,"z":0.44400614500045779},"rotation":{"x":-0.025820355862379075,"y":-0.968296229839325,"z":0.11422482877969742,"w":-0.22301553189754487},"size":5.53443717956543,"orthographic":false}