{"cameraMode":{"drawMode":0,"name":"Shaded","section":"Shading Mode"},"sceneLighting":false,"audioPlay":false,"sceneViewState":{"showFog":true,"showMaterialUpdate":true,"showSkybox":true,"showFlares":true,"showImageEffects":true,"showParticleSystems":true},"in2DMode":false,"pivot":{"x":-2.8537840843200685,"y":-0.7669919729232788,"z":13.277440071105957},"rotation":{"x":-0.2434985339641571,"y":0.2648240625858307,"z":-0.06746844947338104,"w":-0.931108832359314},"size":5.172881603240967,"orthographic":false}