{"cameraMode":{"drawMode":0,"name":"Shaded","section":"Shading Mode"},"sceneLighting":false,"audioPlay":false,"sceneViewState":{"showFog":true,"showMaterialUpdate":true,"showSkybox":true,"showFlares":true,"showImageEffects":true,"showParticleSystems":true},"in2DMode":false,"pivot":{"x":0.38947930932044985,"y":-0.2554548978805542,"z":-1.3151123523712159},"rotation":{"x":-0.011022583581507206,"y":-0.9747982025146484,"z":0.2172776460647583,"w":-0.04947419837117195},"size":4.630518913269043,"orthographic":false}