{"cameraMode":{"drawMode":0,"name":"Shaded","section":"Shading Mode"},"sceneLighting":false,"audioPlay":false,"sceneViewState":{"showFog":true,"showMaterialUpdate":true,"showSkybox":true,"showFlares":true,"showImageEffects":true,"showParticleSystems":true},"in2DMode":false,"pivot":{"x":-0.28645622730255129,"y":0.10000000894069672,"z":20.040000915527345},"rotation":{"x":0.1384458690881729,"y":0.3814278841018677,"z":0.05953142046928406,"w":-0.9126337170600891},"size":2.5292255878448488,"orthographic":false}