{"cameraMode":{"drawMode":0,"name":"Shaded","section":"Shading Mode"},"sceneLighting":true,"audioPlay":false,"sceneViewState":{"showFog":true,"showMaterialUpdate":true,"showSkybox":true,"showFlares":true,"showImageEffects":true,"showParticleSystems":true},"in2DMode":false,"pivot":{"x":0.12300001084804535,"y":-0.0010001659393310547,"z":10.685999870300293},"rotation":{"x":-0.2276712954044342,"y":0.3048688471317291,"z":-0.0746091976761818,"w":-0.9223119616508484},"size":0.0714467465877533,"orthographic":false}