{"cameraMode":{"drawMode":0,"name":"Shaded","section":"Shading Mode"},"sceneLighting":true,"audioPlay":false,"sceneViewState":{"showFog":true,"showMaterialUpdate":true,"showSkybox":true,"showFlares":true,"showImageEffects":true,"showParticleSystems":true},"in2DMode":false,"pivot":{"x":2.1482913494110109,"y":0.39732155203819277,"z":63.6964111328125},"rotation":{"x":-0.17102614045143128,"y":0.11446362733840943,"z":-0.018651889637112619,"w":-0.9788922667503357},"size":6.500913619995117,"orthographic":false}