{"cameraMode":{"drawMode":0,"name":"Shaded","section":"Shading Mode"},"sceneLighting":true,"audioPlay":false,"sceneViewState":{"showFog":true,"showMaterialUpdate":true,"showSkybox":true,"showFlares":true,"showImageEffects":true,"showParticleSystems":true},"in2DMode":false,"pivot":{"x":-0.6057863235473633,"y":0.13831686973571778,"z":2.7073798179626467},"rotation":{"x":0.1383083015680313,"y":-0.6086603999137878,"z":0.10722827166318894,"w":0.7745875120162964},"size":3.361281633377075,"orthographic":false}