{"cameraMode":{"drawMode":0,"name":"Shaded","section":"Shading Mode"},"sceneLighting":true,"audioPlay":false,"sceneViewState":{"showFog":true,"showMaterialUpdate":true,"showSkybox":true,"showFlares":true,"showImageEffects":true,"showParticleSystems":true},"in2DMode":false,"pivot":{"x":1.9213173389434815,"y":-5.048785209655762,"z":15.894441604614258},"rotation":{"x":0.20190368592739106,"y":0.7933615446090698,"z":-0.35483813285827639,"w":0.4527008831501007},"size":9.638808250427246,"orthographic":false}