{"cameraMode":{"drawMode":0,"name":"Shaded","section":"Shading Mode"},"sceneLighting":true,"audioPlay":false,"sceneViewState":{"showFog":true,"showMaterialUpdate":true,"showSkybox":true,"showFlares":true,"showImageEffects":true,"showParticleSystems":true},"in2DMode":false,"pivot":{"x":4.39161491394043,"y":-8.547677993774414,"z":15.627510070800782},"rotation":{"x":-0.17143701016902924,"y":-0.5636224746704102,"z":0.12185460329055786,"w":-0.7993719577789307},"size":29.758075714111329,"orthographic":false}