{"cameraMode":{"drawMode":0,"name":"Shaded","section":"Shading Mode"},"sceneLighting":false,"audioPlay":false,"sceneViewState":{"showFog":true,"showMaterialUpdate":true,"showSkybox":true,"showFlares":true,"showImageEffects":true,"showParticleSystems":true},"in2DMode":false,"pivot":{"x":4.205188751220703,"y":0.2903449833393097,"z":9.934020042419434},"rotation":{"x":-0.1489957869052887,"y":-0.7888425588607788,"z":0.21477766335010529,"w":-0.5572316646575928},"size":0.5472434759140015,"orthographic":false}