{"cameraMode":{"drawMode":0,"name":"Shaded","section":"Shading Mode"},"sceneLighting":false,"audioPlay":false,"sceneViewState":{"showFog":true,"showMaterialUpdate":true,"showSkybox":true,"showFlares":true,"showImageEffects":true,"showParticleSystems":true},"in2DMode":false,"pivot":{"x":-1.0432138442993165,"y":-5.248284339904785,"z":8.12602424621582},"rotation":{"x":-0.16165508329868318,"y":-0.3871724605560303,"z":0.0707896277308464,"w":-0.9054767489433289},"size":23.24103546142578,"orthographic":false}