{"cameraMode":{"drawMode":0,"name":"Shaded","section":"Shading Mode"},"sceneLighting":false,"audioPlay":false,"sceneViewState":{"showFog":true,"showMaterialUpdate":true,"showSkybox":true,"showFlares":true,"showImageEffects":true,"showParticleSystems":true},"in2DMode":false,"pivot":{"x":-0.0713457465171814,"y":0.21716023981571198,"z":0.007374096661806107},"rotation":{"x":0.026614176109433175,"y":-0.7580484747886658,"z":0.0289771631360054,"w":0.6518489122390747},"size":0.3302636444568634,"orthographic":false}