{"cameraMode":{"drawMode":0,"name":"Shaded","section":"Shading Mode"},"sceneLighting":false,"audioPlay":false,"sceneViewState":{"showFog":true,"showMaterialUpdate":true,"showSkybox":true,"showFlares":true,"showImageEffects":true,"showParticleSystems":true},"in2DMode":false,"pivot":{"x":0.02458392083644867,"y":1.236067295074463,"z":11.949483871459961},"rotation":{"x":0.13794046640396119,"y":-0.012063121423125267,"z":0.0012329111341387034,"w":0.9908954501152039},"size":1.9001030921936036,"orthographic":false}