{"cameraMode":{"drawMode":0,"name":"Shaded","section":"Shading Mode"},"sceneLighting":false,"audioPlay":false,"sceneViewState":{"showFog":true,"showMaterialUpdate":true,"showSkybox":true,"showFlares":true,"showImageEffects":true,"showParticleSystems":true},"in2DMode":false,"pivot":{"x":-8.474565505981446,"y":-2.3487584590911867,"z":3.3574390411376955},"rotation":{"x":-0.0823541209101677,"y":-0.8339799046516419,"z":0.13398608565330506,"w":-0.5300775766372681},"size":18.552059173583986,"orthographic":false}