{"cameraMode":{"drawMode":0,"name":"Shaded","section":"Shading Mode"},"sceneLighting":true,"audioPlay":false,"sceneViewState":{"showFog":true,"showMaterialUpdate":true,"showSkybox":true,"showFlares":true,"showImageEffects":true,"showParticleSystems":true},"in2DMode":false,"pivot":{"x":0.18299198150634767,"y":1.4776067733764649,"z":10.395987510681153},"rotation":{"x":0.0005456698127090931,"y":-0.5387405157089233,"z":-0.00027108873473480344,"w":0.8430914878845215},"size":0.7416588664054871,"orthographic":false}