{"cameraMode":{"drawMode":0,"name":"Shaded","section":"Shading Mode"},"sceneLighting":false,"audioPlay":false,"sceneViewState":{"showFog":true,"showMaterialUpdate":true,"showSkybox":true,"showFlares":true,"showImageEffects":true,"showParticleSystems":true},"in2DMode":false,"pivot":{"x":-10.537424087524414,"y":-2.3550705909729006,"z":-2.1237125396728517},"rotation":{"x":-0.22800834476947785,"y":0.16185729205608369,"z":-0.03613565117120743,"w":-0.9600146412849426},"size":18.62949562072754,"orthographic":false}