{"cameraMode":{"drawMode":0,"name":"Shaded","section":"Shading Mode"},"sceneLighting":false,"audioPlay":false,"sceneViewState":{"showFog":true,"showMaterialUpdate":true,"showSkybox":true,"showFlares":true,"showImageEffects":true,"showParticleSystems":true},"in2DMode":false,"pivot":{"x":-0.9988892078399658,"y":0.6573547720909119,"z":-0.7207133173942566},"rotation":{"x":0.0705367773771286,"y":-0.8289187550544739,"z":0.10625144094228745,"w":0.5455982089042664},"size":3.2308123111724855,"orthographic":false}