{"cameraMode":{"drawMode":0,"name":"Shaded","section":"Shading Mode"},"sceneLighting":false,"audioPlay":false,"sceneViewState":{"showFog":true,"showMaterialUpdate":true,"showSkybox":true,"showFlares":true,"showImageEffects":true,"showParticleSystems":true},"in2DMode":false,"pivot":{"x":-9.468978881835938,"y":0.8553093075752258,"z":0.0014009475708007813},"rotation":{"x":-0.0823541209101677,"y":-0.8339799046516419,"z":0.13398608565330506,"w":-0.5300775766372681},"size":60.94627380371094,"orthographic":false}