{"cameraMode":{"drawMode":0,"name":"Shaded","section":"Shading Mode"},"sceneLighting":true,"audioPlay":false,"sceneViewState":{"showFog":true,"showMaterialUpdate":true,"showSkybox":true,"showFlares":true,"showImageEffects":true,"showParticleSystems":true},"in2DMode":false,"pivot":{"x":-1.4226818084716797,"y":-0.7287433743476868,"z":-0.38650989532470705},"rotation":{"x":0.08305516093969345,"y":-0.3966190218925476,"z":0.035287175327539447,"w":0.9141209721565247},"size":6.412552356719971,"orthographic":false}