{"cameraMode":{"drawMode":0,"name":"Shaded","section":"Shading Mode"},"sceneLighting":false,"audioPlay":false,"sceneViewState":{"showFog":true,"showMaterialUpdate":true,"showSkybox":true,"showFlares":true,"showImageEffects":true,"showParticleSystems":true},"in2DMode":false,"pivot":{"x":0.5010321140289307,"y":2.1153855323791506,"z":16.412097930908204},"rotation":{"x":-0.12411867082118988,"y":-0.6049546003341675,"z":0.09653783589601517,"w":-0.7812455892562866},"size":1.9358441829681397,"orthographic":false}